session_id,url,load_time (ms),region,L1 (ms),L2 (ms),L3 (ms),ap-south-1 (w/o cache),ap-south-1 (w cache),w/o cache,w cache,diff w/o cache (Ter-Loc),diff w cache (Ter-Loc)
75773a4e35745992f843afdf2e1e3a4703eac21b,https://cdns.us1.gigya.com/gs/webSdk/Api.aspx?apiKey=3_ngHxa82XZCJZqdfvdMmu4109zZZvsdubGrxrNBmq4AcerVts7IJiD9j9adlsYypj&version=latest#origin=https://q.generalmillscf.com/browse-recipes/season/spring&gig_loggerConfig=%7B%22logLevel%22%3A0%2C%22clientMuteLevel%22%3A0%2C%22logTheme%22%3A1%7D,624.3050833336383,ap-south-1,192,65,86,720,146,local,local,528,70.5
75773a4e35745992f843afdf2e1e3a4703eac21b,https://www.youtube.com/embed/rDH_7Fb_sf4?showinfo=0&wmode=transparent&rel=0&enablejsapi=1&origin=https://q.generalmillscf.com,326.77775000047404,ap-south-1,866,637,841,2314,1483,local,local,1448,744
59a85e5555a87d0328e684f84e1750f1243fcb93,https://cdns.us1.gigya.com/gs/webSdk/Api.aspx?apiKey=3_ngHxa82XZCJZqdfvdMmu4109zZZvsdubGrxrNBmq4AcerVts7IJiD9j9adlsYypj&version=latest#origin=https://q.generalmillscf.com/resources/videos/bakeries-today-making-your-bakery-a-destination&gig_loggerConfig=%7B%22logLevel%22%3A0%2C%22clientMuteLevel%22%3A0%2C%22logTheme%22%3A1%7D,524.4387499988079,ap-south-1,87,66,91,329,149,local,local,242,70.5
59a85e5555a87d0328e684f84e1750f1243fcb93,https://www.youtube.com/embed/NftaTfSkUvU?showinfo=0&wmode=transparent&rel=0&enablejsapi=1&origin=https://q.generalmillscf.com,244.46120833454188,ap-south-1,801,817,612,1859,1508,local,local,1058,793.5
59a85e5555a87d0328e684f84e1750f1243fcb93,https://www.youtube.com/embed/dt2_3HVFONc?showinfo=0&wmode=transparent&rel=0&enablejsapi=1&origin=https://q.generalmillscf.com,280.3297916689189,ap-south-1,973,650,737,1624,1555,local,local,651,861.5
9af0b715933828591a4b8cd75554d78cd5fed56b,https://www.google.co.in/search?q=fancybox&ie=UTF-8&oe=UTF-8&hl=en-in&client=safari,224.13824999998155,ap-south-1,2609,701,634,2274,1342,browserstack,local,-335,674.5
3c01a7331c9a05ce0cff62e34adb63558cb1b34c,http://marque.s801.sureserver.com/,1025.473375,ap-south-1,12428,586,570,8513,2585,browserstack,local,-3915,2007
6cdc19850a8eaa8616ff518a01cd8f4888ed45c2,https://bid.g.doubleclick.net/xbbe/pixel?d=KAE,359.8835417,ap-south-1,289,376,326,443,134,local,browserstack,154,-217
7fd7f0a26d343783f417d5119fd1563589a51689,http://motorhomesuk.s801.sureserver.com/,1308.094708,ap-south-1,6521,1984,2305,8247,3555,local,local,1726,1410.5
7f7179abf35ef8b052f35615fac4c963d5384f20,http://motorhomesuk.s801.sureserver.com/motorhome/swiftedge-464/,824.6924583,ap-south-1,7878,3028,2772,7620,3960,browserstack,local,-258,1060
16d36127bc5f16872f7d29f9273806d1602006d7,https://tastepoint-uk.sid2-e1.investis.com/about/tastepoint-difference,36409.32704,ap-south-1,810,567,1145,1842,1298,local,local,1032,442
16d36127bc5f16872f7d29f9273806d1602006d7,https://www.youtube.com/embed/zDvLQAvFDLw?autoplay=0&showinfo=0&controls=0&rel=0&loop=0,370.1336667,ap-south-1,1120,920,659,1644,865,local,local,524,75.5
cd2d882d001938fae6e6c4cde131691ebcdacfec,https://getrobux.ninja/,788.505375,ap-south-1,953,187,184,1416,671,local,local,463,485.5
ed77763eb44d908e546e5cf926b30e422e75398a,https://preview.hs-sites.com/_hcms/preview/template/multi?is_buffered_template_layout=true&portalId=428371&tc_deviceCategory=undefined&template_layout_id=23269033013&updated=1576243581050#two-1,923.2865,ap-south-1,4924,1621,2066,5658,2802,local,local,734,958.5
db672c2c90d977f8ed692776c54431e8ff1bccc4,https://rcgeeks.myshopify.com/blogs/news/3racing-sakura-fgx2018-rc-f1-car-build-blog,743.6434583,ap-south-1,1093,1071,1232,1665,583,local,browserstack,572,-568.5
db672c2c90d977f8ed692776c54431e8ff1bccc4,https://disqus.com/embed/comments/?base=default&f=rcgeeks&t_i=article-383731007587&t_u=https%3A%2F%2Frcgeeks.myshopify.com%2Fblogs%2Fnews%2F3racing-sakura-fgx2018-rc-f1-car-build-blog&t_d=3Racing%20Sakura%20FGX2018%20RC%20F1%20Car%20build%20blog&t_t=3Racing%20Sakura%20FGX2018%20RC%20F1%20Car%20build%20blog&s_o=default#version=d10b9247634124291c69806c0c703522,366.42325,ap-south-1,809,555,534,886,308,local,browserstack,77,-236.5
db672c2c90d977f8ed692776c54431e8ff1bccc4,https://staticxx.facebook.com/connect/xd_arbiter.php?version=44#channel=f155a7c4cc4bca&origin=https%3A%2F%2Fdisqus.com,95.453,ap-south-1,242,59,57,422,135,local,local,180,77
db672c2c90d977f8ed692776c54431e8ff1bccc4,https://accounts.google.com/o/oauth2/iframe#origin=https%3A%2F%2Fdisqus.com&rpcToken=424838620.47380865&clearCache=1,207.9015,ap-south-1,347,124,128,305,206,browserstack,local,-42,80
651829722aa6a038602634d93a04e121e1945a60,https://accounts.google.com/o/oauth2/iframe#origin=https%3A%2F%2Fdisqus.com&rpcToken=693529218.6661603&clearCache=1,207.6862917,ap-south-1,271,128,132,245,199,browserstack,local,-26,69
aea9e4412c53a226ab06b3f4069465d8e2e2a30d,https://rcgeeks.myshopify.com/?fts=0&key=562594999fab619e002761a534e0bb31a009d7bd4b1f5035cb1edad75a4c9d9c,1794.529042,ap-south-1,6306,2272,2088,10268,2969,local,local,3962,789
43bb132c8f684ddbeee1c7abf335dbf24cd51e33,https://www.scalpcarolinas.com/,1674.623042,ap-south-1,6178,1902,1314,6673,2462,local,local,495,854
efd4f343f3e18441939bd0aa7f8c9088ffd45ed5,https://calendar.google.com/calendar/embed?src=hpdelray@gmail.com&ctz=America/New_York,1995.388292,ap-south-1,1843,2166,828,2004,960,local,browserstack,161,-537
efd4f343f3e18441939bd0aa7f8c9088ffd45ed5,https://clients6.google.com/static/proxy.html?usegapi=1&jsh=m%3B%2F_%2Fscs%2Fapps-static%2F_%2Fjs%2Fk%3Doz.gapi.en_US.sMn3oj1Y3cA.O%2Fam%3DAQc%2Fd%3D1%2Fct%3Dzgms%2Frs%3DAGLTcCMtH3dgjriX481Rb7quselpe-HGkQ%2Fm%3D__features__#parent=https%3A%2F%2Fcalendar.google.com&rpctoken=598507854,149.9432917,ap-south-1,418,238,279,366,278,browserstack,local,-52,19.5
cb0748d2571f37ba9e17c3eed96bd7c04b9adf13,https://s7.addthis.com/static/sh.f48a1a04fe8dbf021b4cda1d.html#rand=0.4276551319812114&iit=1576345416362&tmr=load%3D1576345416196%26core%3D1576345416215%26main%3D1576345416359%26ifr%3D1576345416364&cb=0&cdn=0&md=0&kw=&ab=-&dh=vacationrentalsonlaketahoe.com&dr=&du=https%3A%2F%2Fvacationrentalsonlaketahoe.com%2Ftahoe-luxury-home%2F&href=https%3A%2F%2Fvacationrentalsonlaketahoe.com%2Ftahoe-luxury-home%2F&dt=Tahoe%20Luxury%20Home%20%7C%20Tahoe%20Wolfpack%20Lodge%20Nevada%20USA&dbg=0&cap=tc%3D0%26ab%3D0&inst=1&jsl=1&prod=undefined&lng=en&ogt=height%2Cwidth%2Csecure_url%2Cimage%2Csite_name%2Curl%2Cdescription%2Ctype%3Darticle&pc=wpp&pub=ra-5de626f9dd10de39&ssl=1&sid=5df51f481cc2b729&srf=0.01&ver=300&xck=0&xtr=0&og=locale%3Den_US%26type%3Darticle%26title%3DTahoe%2520Luxury%2520Home%2520%257C%2520Tahoe%2520Wolfpack%2520Lodge%2520Nevada%2520USA%26description%3DTahoe%2520Wolfpack%2520Lodge%2520-%2520Beautiful%25203%2520Bedroom%2520Tahoe%2520Luxury%2520Home%2520in%2520the%2520Gated%2520Elk%2520Point%2520Country%2520Club%2520with%2520Private%2520access%2520to%2520Sandy%2520Beach.%2520Book%2520your%2520stay%2520now!%26url%3Dhttps%253A%252F%252Fvacationrentalsonlaketahoe.com%252Ftahoe-luxury-home%252F%26site_name%3DTahoe%2520Wolfpack%2520Lodge%26image%3Dhttps%253A%252F%252Fvacationrentalsonlaketahoe.com%252Fwp-content%252Fuploads%252F2019%252F08%252Ftahoe-header-bg-3-1024x624.jpg%26secure_url%3Dhttps%253A%252F%252Fvacationrentalsonlaketahoe.com%252Fwp-content%252Fuploads%252F2019%252F08%252Ftahoe-header-bg-3-1024x624.jpg%26width%3D1024%26height%3D624&csi=undefined&rev=v8.28.1-wp&ct=1&xld=1&xd=1,91.0405,ap-south-1,137,65,72,265,170,local,local,128,101.5
577c34c62a23b83ae5a2f3b4a310941d109efec6,https://yogavivo.dk/preferences#,2937.159167,ap-south-1,5253,3101,3011,6832,3405,local,local,1579,349
577c34c62a23b83ae5a2f3b4a310941d109efec6,https://yogavivo.dk/login/,1218.91725,ap-south-1,3046,3164,2488,4237,3632,local,local,1191,806
577c34c62a23b83ae5a2f3b4a310941d109efec6,https://yogavivo.dk/yoga-i-klassen-sadan-virker-det/,2595.522917,ap-south-1,3064,3133,3845,6500,6031,local,local,3436,2542
5edfce96b1ba5534bb543b6f6f63620039558e26,https://yampugouat.hotelracks.com/home/index,269.7480417,ap-south-1,1763,868,1352,4957,1715,local,local,3194,605
ee9697e7145fc7e40c5e75089feb684c4879f39b,https://www.facebook.com/plugins/like.php?href=http://www.facebook.com/buyandship.com.tw/&layout=button_count&action=like&share=false&size=small,173.4050416,ap-south-1,501,435,438,755,348,local,browserstack,254,-88.5
ee9697e7145fc7e40c5e75089feb684c4879f39b,https://www.youtube.com/embed/lUwwWWsLLJ0?rel=0,339.824125,ap-south-1,1183,682,607,2297,1378,local,local,1114,733.5
ee9697e7145fc7e40c5e75089feb684c4879f39b,https://www.buyandship.com.tw/blog/2019/03/19/%E3%80%90%E9%97%9C%E7%A8%85gg%E4%BA%86%E3%80%91%E5%85%A8%E7%B7%9A%E5%8F%B0%E7%81%A3%E9%80%B2%E5%8F%A3%E9%97%9C%E7%A8%85%E9%83%BD%E5%85%8D%E4%BA%86%EF%BC%8C%E5%9B%A0%E7%82%BAbuyandship%E5%85%A8/,414.9970416,ap-south-1,4216,3887,3890,5124,4103,local,local,908,214.5
ee9697e7145fc7e40c5e75089feb684c4879f39b,https://ws-na.assoc-amazon.com/widgets/cm?o=1&p=42&l=ur1&category=amazonhomepage&f=ifr&linkID=560c3bb814cd54fc26e22707fced58b1&t=thbuanshbl-20&tracking_id=thbuanshbl-20,1722.957125,ap-south-1,2138,1942,2364,1459,1386,browserstack,browserstack,-679,-767
ee9697e7145fc7e40c5e75089feb684c4879f39b,https://www.facebook.com/plugins/feedback.php?app_id=778362808998189&channel=https%3A%2F%2Fstaticxx.facebook.com%2Fconnect%2Fxd_arbiter.php%3Fversion%3D44%23cb%3Df33bf8368507c94%26domain%3Dwww.buyandship.com.tw%26origin%3Dhttps%253A%252F%252Fwww.buyandship.com.tw%252Ff5aba721853894%26relation%3Dparent.parent&container_width=335&height=100&href=https%3A%2F%2Fwww.buyandship.com.tw%2Fblog%2F2019%2F03%2F19%2F%25E3%2580%2590%25E9%2597%259C%25E7%25A8%2585gg%25E4%25BA%2586%25E3%2580%2591%25E5%2585%25A8%25E7%25B7%259A%25E5%258F%25B0%25E7%2581%25A3%25E9%2580%25B2%25E5%258F%25A3%25E9%2597%259C%25E7%25A8%2585%25E9%2583%25BD%25E5%2585%258D%25E4%25BA%2586%25EF%25BC%258C%25E5%259B%25A0%25E7%2582%25BAbuyandship%25E5%2585%25A8%2F&locale=en_US&mobile=true&numposts=5&sdk=joey&refsrc=http%3A%2F%2Fwww.buyandship.com.tw%2Fblog%2F2019%2F03%2F19%2F%25E3%2580%2590%25E9%2597%259C%25E7%25A8%2585gg%25E4%25BA%2586%25E3%2580%2591%25E5%2585%25A8%25E7%25B7%259A%25E5%258F%25B0%25E7%2581%25A3%25E9%2580%25B2%25E5%258F%25A3%25E9%2597%259C%25E7%25A8%2585%25E9%2583%25BD%25E5%2585%258D%25E4%25BA%2586%25EF%25BC%258C%25E5%259B%25A0%25E7%2582%25BAbuyandship%25E5%2585%25A8%2F&_rdr,1034.584208,ap-south-1,775,843,834,1648,1138,local,local,873,299.5
ee9697e7145fc7e40c5e75089feb684c4879f39b,https://www.buyandship.com.tw/blog/2019/12/13/%e3%80%90%e6%8a%98%e6%89%a3%e6%83%85%e5%a0%b1%e7%ab%99%e3%80%91%e5%8f%b0%e7%81%a3%e5%ae%b6%e9%95%b7%e4%b9%9f%e6%84%9b%e7%9a%84-carters%e7%ab%a5%e8%a3%9d%e6%9c%80%e4%bd%8e%e5%8f%aa%e8%a6%81us/,316.3857917,ap-south-1,3955,3793,4058,4286,3370,local,browserstack,331,-555.5
ee9697e7145fc7e40c5e75089feb684c4879f39b,https://www.facebook.com/plugins/feedback.php?app_id=778362808998189&channel=https%3A%2F%2Fstaticxx.facebook.com%2Fconnect%2Fxd_arbiter.php%3Fversion%3D44%23cb%3Df1a879f076b3a94%26domain%3Dwww.buyandship.com.tw%26origin%3Dhttps%253A%252F%252Fwww.buyandship.com.tw%252Ff33f94738db4858%26relation%3Dparent.parent&container_width=335&height=100&href=https%3A%2F%2Fwww.buyandship.com.tw%2Fblog%2F2019%2F12%2F13%2F%25e3%2580%2590%25e6%258a%2598%25e6%2589%25a3%25e6%2583%2585%25e5%25a0%25b1%25e7%25ab%2599%25e3%2580%2591%25e5%258f%25b0%25e7%2581%25a3%25e5%25ae%25b6%25e9%2595%25b7%25e4%25b9%259f%25e6%2584%259b%25e7%259a%2584-carters%25e7%25ab%25a5%25e8%25a3%259d%25e6%259c%2580%25e4%25bd%258e%25e5%258f%25aa%25e8%25a6%2581us%2F&locale=en_US&mobile=true&numposts=5&sdk=joey&refsrc=http%3A%2F%2Fwww.buyandship.com.tw%2Fblog%2F2019%2F12%2F13%2F%25e3%2580%2590%25e6%258a%2598%25e6%2589%25a3%25e6%2583%2585%25e5%25a0%25b1%25e7%25ab%2599%25e3%2580%2591%25e5%258f%25b0%25e7%2581%25a3%25e5%25ae%25b6%25e9%2595%25b7%25e4%25b9%259f%25e6%2584%259b%25e7%259a%2584-carters%25e7%25ab%25a5%25e8%25a3%259d%25e6%259c%2580%25e4%25bd%258e%25e5%258f%25aa%25e8%25a6%2581us%2F&_rdr,690.1137917,ap-south-1,685,614,607,1358,992,local,local,673,381.5
ee9697e7145fc7e40c5e75089feb684c4879f39b,https://www.buyandship.com.tw/campaigns/christmasyearendsale2019/,383.0457916,ap-south-1,4467,1256,1424,4328,2200,browserstack,local,-139,860
ee9697e7145fc7e40c5e75089feb684c4879f39b,https://s.union.360.cn/proxy.html,1685.674667,ap-south-1,1582,37,40,1461,1232,browserstack,local,-121,1193.5
ee9697e7145fc7e40c5e75089feb684c4879f39b,https://360fenxi.mediav.com/mediav.html,2212.760083,ap-south-1,5552,38,40,6032,1242,local,local,480,1203
ee9697e7145fc7e40c5e75089feb684c4879f39b,https://www.buyandship.com.tw/shopping/,534.2167916,ap-south-1,3481,1394,1666,6187,2288,local,local,2706,758
0dd52235c8f413d947573192608753dc6ca94500,https://www.buyandship.com.tw/reset-password/,240.07575,ap-south-1,1173,1116,1129,1938,1663,local,local,765,540.5
0dd52235c8f413d947573192608753dc6ca94500,https://www.buyandship.com.tw/login/?redirect=account,120.6935417,ap-south-1,1671,1484,1465,2431,1768,local,local,760,293.5
0dd52235c8f413d947573192608753dc6ca94500,https://www.buyandship.com.tw/account/,597.069,ap-south-1,1661,1599,1550,3453,1942,local,local,1792,367.5
0dd52235c8f413d947573192608753dc6ca94500,https://www.buyandship.com.tw/account/warehouses/,474.913625,ap-south-1,1595,1556,1566,2155,1739,local,local,560,178
0dd52235c8f413d947573192608753dc6ca94500,https://www.buyandship.com.tw/blog/categories/shopping/,517.2449167,ap-south-1,3700,3660,3971,5033,3751,local,browserstack,1333,-64.5
0dd52235c8f413d947573192608753dc6ca94500,https://www.buyandship.com.tw/blog/2019/12/13/%e3%80%90the-cambridge-satchel-company%e3%80%91-%e6%89%8b%e5%b7%a5%e7%9c%9f%e7%9a%ae%e8%8b%b1%e5%80%ab%e5%8a%8d%e6%a9%8b%e5%8c%85-%e5%b0%8f%e5%a4%a9%e5%90%8e%e6%b3%b0%e5%8b%92%e6%96%af%e7%a7%81/,226.1431667,ap-south-1,4009,3921,3827,4902,4433,local,local,893,559
0dd52235c8f413d947573192608753dc6ca94500,https://www.facebook.com/plugins/feedback.php?app_id=778362808998189&channel=https%3A%2F%2Fstaticxx.facebook.com%2Fconnect%2Fxd_arbiter.php%3Fversion%3D44%23cb%3Df2c90dd4518538c%26domain%3Dwww.buyandship.com.tw%26origin%3Dhttps%253A%252F%252Fwww.buyandship.com.tw%252Ff29687c9ddf5696%26relation%3Dparent.parent&container_width=335&height=100&href=https%3A%2F%2Fwww.buyandship.com.tw%2Fblog%2F2019%2F12%2F13%2F%25e3%2580%2590the-cambridge-satchel-company%25e3%2580%2591-%25e6%2589%258b%25e5%25b7%25a5%25e7%259c%259f%25e7%259a%25ae%25e8%258b%25b1%25e5%2580%25ab%25e5%258a%258d%25e6%25a9%258b%25e5%258c%2585-%25e5%25b0%258f%25e5%25a4%25a9%25e5%2590%258e%25e6%25b3%25b0%25e5%258b%2592%25e6%2596%25af%25e7%25a7%2581%2F&locale=en_US&mobile=true&numposts=5&sdk=joey&refsrc=http%3A%2F%2Fwww.buyandship.com.tw%2F&_rdr,654.4523333,ap-south-1,656,648,638,1181,918,local,local,525,275
0dd52235c8f413d947573192608753dc6ca94500,https://www.buyandship.com.tw/blog/categories/news/,482.2725417,ap-south-1,3794,3673,3786,3577,2890,browserstack,browserstack,-217,-839.5
a32f53f0127f075c99d5214b28f0b4349314aedf,https://drifttest.wpengine.com/customize-your-gift/,5498.496208,ap-south-1,3792,2489,2387,9764,3334,local,local,5972,896
a32f53f0127f075c99d5214b28f0b4349314aedf,https://drifttest.wpengine.com/get-started/,4522.039792,ap-south-1,2886,1822,1735,5802,1743,local,browserstack,2916,-35.5
a32f53f0127f075c99d5214b28f0b4349314aedf,https://drifttest.wpengine.com/cart/,4617.953958,ap-south-1,3190,3329,3287,2535,1964,browserstack,browserstack,-655,-1344
a32f53f0127f075c99d5214b28f0b4349314aedf,https://drifttest.wpengine.com/coffee-gifts/,689.96475,ap-south-1,3427,2290,2532,4205,2438,local,local,778,27
e4b2be00f5b3b7ada4628634ad33ddc6a204d541,https://cdn.iubenda.com/cookie_solution/iframe_bridge.html?origin=https%3A%2F%2Fwww.flashrouters.com%2F&meth=%22compact%22,58.10983333,ap-south-1,339,40,43,290,66,browserstack,local,-49,24.5
f92cd56726755b96f0ad3d7ba87154dc4fc6f469,https://www.trainingmask.com/#ccart-trigger-80433127.0,2055.140208,ap-south-1,8549,6453,5196,9490,5242,local,browserstack,941,-582.5
627cab6c526bc5ca7876dee7f35b51aa5d1dabea,https://mjhstudios.myshopify.com/,328.2650417,ap-south-1,5442,2999,2346,9291,4747,local,local,3849,2074.5
be017e3ec4381422d03b3597e86f68ecebe716b6,https://mjhstudios.myshopify.com/collections/shoes,312.9160417,ap-south-1,5219,2022,1929,4409,2941,browserstack,local,-810,965.5
be017e3ec4381422d03b3597e86f68ecebe716b6,https://mjhstudios.myshopify.com/products/leather-bow-ankle-strap-sandals-valentino?variant=31388879945776,534.2122917,ap-south-1,3249,1946,2079,4392,2287,local,local,1143,274.5
be017e3ec4381422d03b3597e86f68ecebe716b6,https://mjhstudios.myshopify.com/pages/about-us,472.5328333,ap-south-1,1813,984,1101,2012,1214,local,local,199,171.5
be017e3ec4381422d03b3597e86f68ecebe716b6,https://mjhstudios.myshopify.com/pages/contact,292.3140833,ap-south-1,3272,2044,2043,2605,1883,browserstack,browserstack,-667,-160.5